{
    "iridium_latitude": -4.37913056098165,
    "iridium_longitude": 10.085589777405403,
    "altitude": 6993.468789939613,
    "pressure": 1024.3409432058158,
    "temperature": 21.990697280001598,
    "wind": 28.768452065143546
}